"","detection_history.day1_day3","detection_history.day4_day6","detection_history.day7_day9","detection_history.day10_day12","detection_history.day13_day15","detection_history.day16_day18","detection_history.day19_day21","detection_history.day22_day24","detection_history.day25_day27","detection_history.day28_day30","detection_history.day31_day33","detection_history.day34_day36","detection_history.day37_day39","detection_history.day40_day42","detection_history.day43_day45","detection_history.day46_day48","detection_history.day49_day51","detection_history.day52_day54","detection_history.day55_day57","detection_history.day58_day60","detection_history.day61_day63","detection_history.day64_day66","detection_history.day67_day69","detection_history.day70_day72","detection_history.day73_day75","detection_history.day76_day78","detection_history.day79_day81","detection_history.day82_day84","detection_history.day85_day87","detection_history.day88_day90","detection_history.day91_day93","detection_history.day94_day96","detection_history.day97_day99","detection_history.day100_day102","detection_history.day103_day105","detection_history.day106_day108","detection_history.day109_day111","detection_history.day112_day114","detection_history.day115_day117","detection_history.day118_day120","detection_history.day121_day123","detection_history.day124_day126","detection_history.day127_day129","detection_history.day130_day132","detection_history.day133_day135","detection_history.day136_day138","detection_history.day139_day141","detection_history.day142_day144","detection_history.day145_day147","detection_history.day148_day150","detection_history.day151_day153","detection_history.day154_day156","detection_history.day157_day159","detection_history.day160_day162","detection_history.day163_day165","detection_history.day166_day168","detection_history.day169_day169","effort.day1_day3","effort.day4_day6","effort.day7_day9","effort.day10_day12","effort.day13_day15","effort.day16_day18","effort.day19_day21","effort.day22_day24","effort.day25_day27","effort.day28_day30","effort.day31_day33","effort.day34_day36","effort.day37_day39","effort.day40_day42","effort.day43_day45","effort.day46_day48","effort.day49_day51","effort.day52_day54","effort.day55_day57","effort.day58_day60","effort.day61_day63","effort.day64_day66","effort.day67_day69","effort.day70_day72","effort.day73_day75","effort.day76_day78","effort.day79_day81","effort.day82_day84","effort.day85_day87","effort.day88_day90","effort.day91_day93","effort.day94_day96","effort.day97_day99","effort.day100_day102","effort.day103_day105","effort.day106_day108","effort.day109_day111","effort.day112_day114","effort.day115_day117","effort.day118_day120","effort.day121_day123","effort.day124_day126","effort.day127_day129","effort.day130_day132","effort.day133_day135","effort.day136_day138","effort.day139_day141","effort.day142_day144","effort.day145_day147","effort.day148_day150","effort.day151_day153","effort.day154_day156","effort.day157_day159","effort.day160_day162","effort.day163_day165","effort.day166_day168","effort.day169_day169"
"WTM_BYW001_23",0,0,0,0,0,0,0,0,0,0,0,0,0,0,0,0,0,0,0,0,0,0,0,1,1,0,1,0,0,0,0,0,0,0,0,0,0,0,0,0,0,0,0,0,0,0,0,0,0,0,0,0,0,0,0,0,0,2.5,3,3,3,3,3,3,3,3,3,3,3,3,2,1,3,3,3,3,3,3,3,3,3,3,3,3,3,3,3,3,3,3,3,3,3,3,3,3,3,3,3,3,3,3,3,3,3,3,3,3,3,3,3,3,3,0.5
"WTM_BYW002_23",0,0,0,0,0,0,0,1,0,0,0,0,2,0,NA,NA,NA,NA,NA,0,0,0,0,0,0,0,0,0,0,0,0,0,0,0,0,0,0,0,0,1,1,1,0,0,0,0,0,0,0,0,0,0,0,0,0,0,0,2.5,3,3,3,3,3,3,3,3,3,3,3,3,2,NA,NA,NA,NA,NA,3,3,3,3,3,3,3,3,3,3,3,3,1,3,3,3,3,3,3,3,3,3,3,3,3,3,3,3,3,3,3,3,3,3,3,3,3,0.5
"WTM_BYW004_23",0,0,0,0,0,NA,NA,NA,0,1,0,0,0,0,0,0,1,0,NA,0,0,0,0,0,0,0,0,NA,NA,NA,NA,NA,NA,NA,NA,NA,NA,NA,NA,NA,NA,NA,NA,NA,NA,NA,NA,NA,NA,NA,NA,NA,NA,NA,NA,NA,NA,2.5,3,3,2,2,NA,NA,NA,1,3,3,3,3,3,3,3,3,3,NA,2,3,3,3,3,3,3,0.5,NA,NA,NA,NA,NA,NA,NA,NA,NA,NA,NA,NA,NA,NA,NA,NA,NA,NA,NA,NA,NA,NA,NA,NA,NA,NA,NA,NA,NA,NA
"WTM_BYW005_23",0,0,0,0,0,0,0,3,2,2,0,0,1,0,0,NA,NA,0,0,0,0,0,0,0,0,0,0,NA,NA,NA,NA,NA,0,0,1,0,0,1,1,1,0,0,0,0,0,0,0,0,0,0,0,1,0,0,1,0,0,2.5,3,3,3,3,3,3,3,3,3,3,3,3,2,1,NA,NA,3,3,3,3,3,1,1,3,3,1,NA,NA,NA,NA,NA,3,3,3,3,3,3,3,3,3,3,3,3,3,3,3,3,3,3,3,3,3,3,3,3,0.5
"WTM_BYW007_23",0,0,1,0,0,1,0,0,1,2,3,5,3,3,5,NA,NA,NA,0,NA,0,0,0,NA,0,0,0,0,0,0,0,NA,0,NA,NA,0,0,0,0,NA,0,NA,NA,0,0,0,1,1,0,0,0,0,0,1,0,1,0,2.5,3,3,3,3,3,3,3,3,3,3,3,3,3,2,NA,NA,NA,2,NA,1,3,1,NA,1,1,3,3,3,3,2,NA,2,NA,NA,3,3,1,1,NA,1,NA,NA,3,3,3,3,3,3,3,3,3,3,3,3,3,0.5
"WTM_BYW009_23",0,0,0,0,0,0,0,0,0,0,0,0,0,0,0,0,NA,NA,NA,NA,0,1,0,0,0,0,0,0,0,0,0,0,0,0,0,1,2,0,0,0,0,0,0,0,0,0,0,0,0,0,0,0,0,0,0,0,0,2.5,3,3,3,3,3,3,3,3,3,3,3,3,3,3,2,NA,NA,NA,NA,1,3,3,3,3,3,3,3,3,3,3,3,3,3,3,3,3,3,3,3,3,3,3,3,3,3,3,3,3,3,3,3,3,3,3,3,0.5
"WTM_BYW010_23",0,0,0,0,0,0,0,0,0,0,0,0,0,0,NA,NA,NA,NA,0,0,0,0,0,0,0,0,0,0,0,0,0,NA,0,0,0,0,0,0,0,0,0,0,0,0,0,0,0,0,0,0,0,0,0,0,0,0,0,2.5,3,3,3,3,3,3,3,3,3,3,3,3,2,NA,NA,NA,NA,2,3,3,3,3,3,3,3,3,3,3,3,2,NA,2,3,3,3,3,3,3,3,3,3,3,3,3,3,3,3,3,3,3,3,3,3,3,3,0.5
"WTM_BYW011_23",0,1,0,0,3,0,0,0,0,0,0,2,0,0,0,NA,NA,NA,NA,NA,0,0,0,NA,1,1,1,1,0,0,1,NA,NA,NA,NA,NA,NA,NA,NA,NA,NA,NA,NA,NA,NA,NA,NA,NA,NA,NA,NA,NA,NA,NA,NA,NA,NA,2.5,3,3,3,3,3,3,3,3,3,3,3,3,3,1,NA,NA,NA,NA,NA,2,3,3,NA,3,3,3,3,3,3,0.5,NA,NA,NA,NA,NA,NA,NA,NA,NA,NA,NA,NA,NA,NA,NA,NA,NA,NA,NA,NA,NA,NA,NA,NA,NA,NA
"WTM_BYW013_23",0,0,0,0,0,0,2,0,1,0,5,2,0,2,NA,NA,NA,NA,0,0,2,0,0,0,0,0,0,0,1,NA,NA,NA,NA,NA,NA,NA,NA,NA,NA,NA,NA,NA,NA,NA,NA,NA,NA,NA,NA,NA,NA,NA,NA,NA,NA,NA,NA,2.5,3,3,3,3,3,3,3,3,3,3,3,3,2,NA,NA,NA,NA,3,3,3,3,3,3,3,3,3,3,1.5,NA,NA,NA,NA,NA,NA,NA,NA,NA,NA,NA,NA,NA,NA,NA,NA,NA,NA,NA,NA,NA,NA,NA,NA,NA,NA,NA,NA
"WTM_BYW014_23",0,0,0,0,0,0,0,0,0,0,0,0,2,0,NA,NA,NA,NA,NA,0,0,0,0,NA,0,0,0,0,NA,0,0,0,0,0,0,0,3,0,0,0,1,0,0,0,0,0,0,0,0,0,0,0,0,0,0,0,0,2.5,3,3,3,3,3,3,3,3,3,3,1,3,2,NA,NA,NA,NA,NA,1,3,3,2,NA,3,3,3,3,NA,1,3,3,3,3,3,3,3,3,3,3,3,3,3,3,3,3,3,3,3,3,3,3,3,3,3,3,0.5
"WTM_BYW016_23",0,0,0,0,0,0,0,0,0,0,0,0,1,0,0,0,NA,NA,0,0,0,0,0,NA,0,0,0,0,NA,0,0,NA,0,0,0,0,0,0,0,0,0,0,0,0,0,0,0,0,0,0,0,0,0,0,0,0,0,2.5,3,3,3,3,3,3,3,3,3,3,3,3,3,3,3,NA,NA,2,1,3,3,2,NA,3,3,3,3,NA,2,3,NA,2,3,3,3,3,3,3,3,3,3,3,3,3,3,3,3,3,3,3,3,3,3,3,3,0.5
"WTM_BYW017_23",1,2,0,0,0,0,0,0,0,0,0,0,0,0,NA,NA,NA,0,0,0,0,0,0,NA,0,0,0,0,NA,NA,NA,NA,NA,NA,0,0,0,0,0,0,0,0,0,0,0,0,0,0,0,0,0,0,0,0,0,0,0,2.5,3,3,3,3,3,3,3,3,3,3,3,3,1,NA,NA,NA,2,3,3,3,3,1,NA,2,3,3,3,NA,NA,NA,NA,NA,NA,2,3,3,3,3,3,3,3,3,3,3,3,3,3,3,3,3,3,3,3,3,3,0.5
"WTM_BYW018_23",0,0,0,0,0,0,1,0,0,0,1,0,1,0,0,0,NA,NA,0,0,0,0,0,0,0,0,0,0,NA,0,1,NA,0,0,0,0,1,0,0,0,0,0,0,0,1,0,0,0,0,0,0,0,0,0,0,0,0,2.5,3,3,3,3,3,3,3,3,3,3,3,3,3,3,3,NA,NA,3,3,3,3,3,3,3,3,3,3,NA,3,3,NA,2,3,3,3,3,3,3,3,3,3,3,3,3,3,3,3,3,3,3,3,3,3,3,3,0.5
"WTM_BYW020_23",0,0,0,5,2,0,2,0,6,3,0,0,1,1,0,NA,NA,0,0,0,0,0,0,0,0,1,0,0,0,0,0,0,0,0,1,0,0,0,0,0,0,0,1,1,0,0,0,0,0,4,1,0,0,0,2,2,0,2.5,3,3,3,3,3,3,3,3,3,3,3,3,3,1,NA,NA,3,3,3,3,3,3,3,3,3,3,3,3,3,3,3,3,3,3,3,3,3,3,3,3,3,3,3,3,3,3,3,3,3,3,3,3,3,3,3,0.5
"WTM_BYW022_23",0,0,0,0,0,0,0,0,0,0,0,0,0,1,NA,NA,NA,1,0,0,0,0,0,0,0,0,0,0,0,0,0,NA,0,1,0,0,0,0,0,0,0,7,0,0,0,0,0,0,2,0,0,0,0,0,1,1,0,2.5,3,3,3,3,3,3,3,3,3,3,3,3,1,NA,NA,NA,1,3,3,3,3,1,1,3,3,3,3,3,3,3,NA,3,3,3,3,3,3,3,3,3,3,3,3,3,3,3,3,3,3,3,3,3,3,3,3,0.5
"WTM_BYW023_23",0,0,NA,0,NA,NA,NA,NA,NA,0,0,0,NA,NA,0,0,0,0,NA,NA,NA,0,0,0,0,0,0,0,0,0,0,0,0,0,0,0,0,0,0,0,0,0,0,0,0,0,NA,NA,NA,NA,NA,NA,NA,NA,NA,NA,NA,0.5,1,NA,1,NA,NA,NA,NA,NA,2,3,2,NA,NA,2,3,3,1,NA,NA,NA,2,3,3,3,3,3,3,3,3,3,3,3,3,3,3,3,3,3,3,3,3,3,3,3,1.5,NA,NA,NA,NA,NA,NA,NA,NA,NA,NA,NA
"WTM_BYW024_23",6,2,7,3,0,1,0,0,0,0,0,0,0,0,NA,NA,NA,NA,0,0,0,0,NA,NA,0,0,0,0,NA,0,0,NA,0,0,0,0,0,0,0,0,0,0,0,0,0,0,0,0,0,0,0,0,0,0,0,0,0,2.5,3,3,3,3,3,3,3,3,1,3,3,3,1,NA,NA,NA,NA,2,3,3,3,NA,NA,3,3,1,3,NA,2,3,NA,3,3,3,3,3,3,3,3,3,3,3,3,3,3,3,3,3,3,3,3,3,3,3,3,0.5
"WTM_BYW025_23",0,0,0,0,0,0,0,0,0,0,0,0,0,NA,NA,NA,NA,0,0,0,0,0,0,0,0,0,0,0,NA,0,0,NA,NA,0,0,0,0,0,0,0,0,0,0,0,0,0,0,0,0,0,0,0,0,0,1,0,0,2.5,3,3,3,3,3,3,3,3,3,3,3,2,NA,NA,NA,NA,2,3,3,3,3,1,1,3,3,3,2,NA,2,2,NA,NA,3,3,3,3,3,3,3,3,3,3,3,3,3,3,3,3,3,3,3,3,3,3,3,0.5
"WTM_BYW027_23",0,0,0,0,0,0,0,0,0,0,2,1,0,1,0,0,NA,NA,NA,0,0,0,0,0,0,0,0,0,0,3,1,2,0,0,0,0,0,0,0,0,0,0,0,0,0,0,0,0,0,0,0,0,0,0,0,0,0,2.5,3,3,3,3,3,3,3,3,3,3,3,3,3,3,2,NA,NA,NA,3,3,3,3,3,3,3,3,3,3,3,3,3,3,3,3,3,3,3,3,3,3,3,3,3,3,3,3,3,3,3,3,3,3,3,3,3,0.5
"WTM_BYW028_23",0,0,0,0,0,NA,NA,NA,NA,NA,0,0,0,0,0,0,0,0,0,0,0,0,0,NA,NA,NA,NA,NA,NA,NA,NA,NA,NA,NA,NA,NA,NA,NA,NA,NA,NA,NA,NA,NA,NA,NA,NA,NA,NA,NA,NA,NA,NA,NA,NA,NA,NA,2.5,3,3,3,2,NA,NA,NA,NA,NA,2,3,3,3,3,3,3,3,3,3,3,3,2.5,NA,NA,NA,NA,NA,NA,NA,NA,NA,NA,NA,NA,NA,NA,NA,NA,NA,NA,NA,NA,NA,NA,NA,NA,NA,NA,NA,NA,NA,NA,NA,NA,NA,NA
"WTM_BYW029_23",0,0,0,0,0,0,0,0,0,0,0,0,0,0,0,0,0,0,0,0,0,0,0,0,0,0,0,0,0,0,0,0,0,0,0,0,0,0,0,0,0,0,0,0,0,0,0,0,0,0,0,0,0,0,0,0,0,2.5,3,3,3,3,3,3,3,3,3,3,3,3,3,3,3,3,3,3,3,3,3,3,3,3,3,3,3,3,3,3,3,3,3,3,3,3,3,3,3,3,3,3,3,3,3,3,3,3,3,3,3,3,3,3,3,0.5
"WTM_BYW030_23",6,0,0,1,1,0,0,0,0,0,0,1,0,0,NA,NA,NA,0,0,0,0,0,0,0,0,0,0,0,NA,0,0,0,0,0,0,0,0,0,0,0,0,0,0,0,0,0,0,0,0,0,0,0,2,0,0,0,0,2.5,3,3,3,3,3,3,3,3,3,3,3,3,2,NA,NA,NA,1,3,3,3,3,3,3,3,3,3,3,NA,2,3,3,3,3,3,3,3,3,3,3,3,3,3,3,3,3,3,3,3,3,3,3,3,3,3,3,0.5
"WTM_BYW031_23",0,0,0,0,0,0,0,0,0,0,0,0,0,0,NA,NA,NA,NA,NA,0,0,0,0,0,0,0,0,0,NA,0,0,NA,0,0,0,0,0,0,0,0,0,0,0,0,0,2,0,0,0,0,0,2,0,0,0,0,0,2.5,3,3,3,3,3,3,3,3,3,3,3,3,1,NA,NA,NA,NA,NA,3,3,3,1,1,3,3,3,3,NA,1,2,NA,2,3,3,3,3,3,3,3,3,3,3,3,3,3,3,3,3,3,3,3,3,3,3,3,0.5
"WTM_BYW033_23",0,NA,NA,NA,NA,NA,NA,NA,NA,NA,NA,NA,NA,NA,NA,NA,NA,NA,0,0,0,0,0,NA,NA,0,0,NA,NA,NA,NA,NA,NA,NA,NA,NA,NA,NA,0,0,0,0,0,0,0,0,0,0,0,0,0,0,0,0,0,0,0,1.5,NA,NA,NA,NA,NA,NA,NA,NA,NA,NA,NA,NA,NA,NA,NA,NA,NA,3,3,3,3,1,NA,NA,1,1,NA,NA,NA,NA,NA,NA,NA,NA,NA,NA,NA,2,3,3,3,3,3,3,3,3,3,3,3,3,3,3,3,3,3,0.5
"WTM_BYW035_23",0,0,1,0,0,0,0,0,0,0,2,0,2,0,0,NA,NA,NA,0,0,0,0,0,NA,0,0,0,0,NA,0,0,NA,0,0,0,0,0,0,0,0,0,0,0,0,0,0,0,0,0,0,0,0,0,0,0,0,0,2.5,3,3,3,3,3,3,3,3,3,3,3,3,3,2,NA,NA,NA,3,3,3,3,3,NA,3,3,3,3,NA,2,3,NA,2,3,3,3,3,3,3,3,3,3,3,3,3,3,3,3,3,3,3,3,3,3,3,3,0.5
"WTM_BYW036_23",0,0,0,0,0,0,0,0,0,0,0,NA,0,0,NA,NA,NA,NA,0,0,0,0,0,0,0,0,0,0,NA,NA,NA,NA,0,0,0,0,0,0,0,0,0,0,0,0,0,0,0,0,0,0,0,0,0,0,0,0,0,2.5,3,3,3,3,3,3,3,3,3,3,NA,2,1,NA,NA,NA,NA,3,3,3,3,3,1,3,3,3,3,NA,NA,NA,NA,3,3,3,3,3,3,3,3,3,3,3,3,3,3,3,3,3,3,3,3,3,3,3,3,0.5
"WTM_BYW038_23",0,3,0,0,3,0,0,0,0,2,0,0,0,0,0,0,NA,NA,0,0,0,0,0,0,0,0,1,1,0,0,1,0,0,0,0,0,0,0,0,0,0,0,0,0,0,0,0,0,0,0,0,0,1,0,0,0,0,2.5,3,3,3,3,3,3,3,3,3,3,3,3,3,3,3,NA,NA,3,3,3,3,3,3,3,3,3,3,3,3,3,3,3,3,3,3,3,3,3,3,3,3,3,3,3,3,3,3,3,3,3,3,3,3,3,3,0.5
"WTM_BYW041_23",0,1,0,0,0,2,0,0,0,0,0,3,0,0,0,0,0,0,0,0,0,1,0,0,0,0,0,0,1,0,0,0,0,0,0,0,2,0,0,0,0,0,0,0,0,0,2,0,0,1,0,0,0,0,0,0,0,2.5,3,3,3,3,3,3,3,3,3,3,3,3,3,3,3,3,3,3,3,3,3,3,3,3,3,3,3,3,3,2,1,3,3,3,3,3,3,3,3,3,3,3,3,3,3,3,3,3,3,3,3,3,3,3,3,0.5
"WTM_BYW042_23",0,1,0,0,0,0,0,0,0,NA,0,0,0,0,NA,NA,NA,NA,NA,0,0,0,0,NA,0,0,0,0,0,0,0,NA,0,0,0,0,0,0,0,0,0,0,0,0,0,0,0,0,1,0,0,0,0,0,1,0,0,2.5,3,3,3,3,3,3,3,3,NA,3,3,3,1,NA,NA,NA,NA,NA,1,3,3,2,NA,3,3,1,3,3,3,2,NA,3,3,3,3,3,3,3,3,3,3,3,3,3,3,3,3,3,3,3,3,3,3,3,3,0.5
"WTM_BYW043_23",3,0,0,0,0,0,0,0,0,0,0,0,0,0,0,NA,NA,NA,0,0,0,0,0,0,0,0,0,0,0,0,0,0,0,0,0,0,0,0,0,0,0,0,0,0,2,0,6,0,0,0,0,0,0,0,0,0,0,2.5,3,3,3,3,3,3,3,3,3,3,3,3,3,1,NA,NA,NA,1,3,3,3,3,3,3,3,3,3,3,3,3,1,3,3,3,3,3,3,3,3,3,3,3,3,3,3,3,3,3,3,3,3,3,3,3,3,0.5
"WTM_BYW045_23",1,0,0,0,0,0,0,1,0,0,3,NA,0,0,0,0,0,0,0,0,0,0,0,0,0,0,0,0,NA,0,0,0,0,0,0,0,0,0,0,0,0,0,0,0,0,0,NA,NA,NA,NA,NA,NA,NA,NA,NA,NA,NA,2.5,3,3,3,3,3,3,3,3,3,3,NA,2,3,3,3,3,3,3,3,3,3,3,3,3,3,3,3,NA,3,3,3,3,3,3,3,3,3,3,3,3,3,3,3,3,2.5,NA,NA,NA,NA,NA,NA,NA,NA,NA,NA,NA
"WTM_BYW046_23",0,0,0,0,0,0,0,0,0,0,0,NA,0,0,0,NA,NA,NA,NA,0,0,0,0,0,0,0,0,0,NA,NA,NA,NA,0,0,0,0,0,0,0,0,0,0,0,0,0,0,0,0,0,0,0,0,0,0,0,0,0,2.5,3,3,3,3,3,3,3,3,3,3,NA,3,3,2,NA,NA,NA,NA,2,3,3,1,1,3,3,1,3,NA,NA,NA,NA,2,3,3,3,3,3,3,3,3,3,3,3,3,3,3,3,3,3,3,3,3,3,3,3,0.5
"WTM_BYW048_23",0,0,0,0,0,0,0,0,NA,NA,0,0,0,0,0,0,0,0,0,0,0,0,0,0,0,0,0,0,0,0,0,0,0,0,0,0,0,0,0,0,2,0,0,0,0,0,0,0,0,0,0,0,0,2,0,0,0,2.5,3,3,3,3,3,3,2,NA,NA,2,3,3,3,3,3,3,3,3,3,3,3,3,3,3,3,3,3,3,3,3,3,3,3,3,3,3,3,3,3,3,3,3,3,3,3,3,3,3,3,3,3,3,3,3,3,0.5
"WTM_BYW049_23",0,0,1,0,0,1,0,0,1,0,0,1,0,0,0,0,NA,NA,NA,0,0,0,0,0,0,0,0,0,0,0,0,0,0,0,0,0,1,1,0,0,0,0,0,0,0,0,0,0,0,0,0,0,0,0,NA,NA,NA,2.5,3,3,3,3,3,3,3,3,3,3,3,3,3,3,3,NA,NA,NA,2,3,3,3,3,3,3,3,3,3,3,3,3,3,3,3,3,3,3,3,3,3,3,3,3,3,3,3,3,3,3,3,3,3,0.5,NA,NA,NA
"WTM_BYW050_23",1,1,0,0,0,1,2,1,1,1,2,0,0,0,0,0,0,0,0,0,0,0,0,2,0,0,0,0,9,0,0,0,0,0,0,0,0,0,0,0,0,1,0,0,0,0,0,0,0,0,0,0,0,0,0,0,0,2.5,3,3,3,3,3,3,3,3,3,3,3,3,3,3,3,3,3,3,3,3,3,1,3,3,3,3,3,3,3,3,1,3,3,3,3,3,3,3,3,3,3,3,3,3,3,3,3,3,3,3,3,3,3,3,3,0.5
"WTM_BYW051_23",0,0,0,0,0,0,0,0,0,0,0,0,0,0,0,NA,NA,0,0,0,0,0,0,0,0,0,0,0,0,0,0,0,0,0,0,0,0,0,0,NA,NA,NA,NA,NA,NA,NA,NA,NA,NA,NA,NA,NA,NA,NA,NA,NA,NA,2.5,3,3,3,3,3,3,3,3,3,3,3,3,3,1,NA,NA,1,3,3,3,3,3,3,3,3,3,3,3,3,3,3,3,3,3,3,3,3,1.5,NA,NA,NA,NA,NA,NA,NA,NA,NA,NA,NA,NA,NA,NA,NA,NA,NA,NA
"WTM_BYW053_23",0,0,0,0,0,0,0,0,0,0,0,NA,NA,NA,NA,NA,NA,NA,NA,NA,NA,NA,NA,NA,NA,NA,NA,NA,NA,NA,NA,NA,NA,NA,NA,NA,NA,NA,NA,NA,NA,NA,NA,NA,NA,NA,NA,NA,NA,NA,NA,NA,NA,NA,NA,NA,NA,2.5,3,3,3,3,3,3,3,3,3,2.5,NA,NA,NA,NA,NA,NA,NA,NA,NA,NA,NA,NA,NA,NA,NA,NA,NA,NA,NA,NA,NA,NA,NA,NA,NA,NA,NA,NA,NA,NA,NA,NA,NA,NA,NA,NA,NA,NA,NA,NA,NA,NA,NA,NA,NA,NA
"WTM_BYW054_23",0,0,0,0,0,0,0,0,0,0,0,0,0,0,NA,NA,NA,0,0,0,0,0,0,0,0,0,0,0,NA,NA,NA,NA,NA,NA,NA,NA,NA,NA,0,0,0,0,0,0,0,0,0,0,0,0,0,0,0,0,0,0,0,2.5,3,3,3,3,3,3,3,3,3,3,3,3,3,NA,NA,NA,2,3,3,3,3,3,3,3,3,3,2,NA,NA,NA,NA,NA,NA,NA,NA,NA,NA,2,3,3,3,3,3,3,3,3,3,3,3,3,3,3,3,3,3,0.5
"WTM_BYW056_23",0,0,0,0,0,0,0,0,1,0,0,0,1,0,0,0,0,0,0,0,0,0,0,0,0,0,0,0,NA,NA,0,0,0,0,0,0,0,0,0,0,0,0,0,0,0,0,0,0,0,0,0,0,0,0,0,0,0,2.5,3,3,3,3,3,3,3,3,3,3,3,3,3,3,3,3,3,3,3,3,3,3,3,3,3,3,3,NA,NA,3,3,3,3,3,3,3,3,3,3,3,3,3,3,3,3,3,3,3,3,3,3,3,3,3,3,0.5
"WTM_BYW058_23",1,0,0,0,3,0,0,0,0,0,0,1,0,0,0,1,0,0,0,0,0,0,0,0,1,1,0,0,0,0,1,0,0,0,0,0,0,0,1,2,0,0,0,0,0,0,0,0,0,0,0,0,0,0,0,0,0,2.5,3,3,3,3,3,3,3,3,3,3,3,3,3,3,3,3,3,3,3,3,3,3,3,3,3,3,3,3,3,3,3,3,3,3,3,3,3,3,3,3,3,3,3,3,3,3,3,3,3,3,3,3,3,3,3,0.5
"WTM_BYW060_23",2,0,0,5,2,3,4,2,5,0,5,1,1,6,NA,NA,NA,0,0,0,1,0,0,0,2,2,0,1,2,0,0,1,2,1,0,0,0,0,0,0,0,0,0,0,0,0,3,3,1,1,0,0,0,0,0,0,0,2.5,3,3,3,3,3,3,3,3,3,3,3,3,3,NA,NA,NA,1,3,3,3,3,3,3,3,3,3,3,3,3,3,3,3,3,3,3,3,3,3,3,3,3,3,3,3,3,3,3,3,3,3,3,3,3,3,3,0.5
"WTM_BYW062_23",0,0,0,0,0,0,0,0,0,0,0,0,0,0,0,0,0,0,0,0,0,0,0,0,0,0,0,0,0,0,0,NA,0,0,0,0,0,0,0,0,0,0,0,0,0,1,0,0,0,0,0,0,0,0,0,0,0,2.5,3,3,3,3,3,3,3,3,3,3,3,3,3,3,3,3,3,3,3,3,3,3,3,3,3,3,3,3,3,3,NA,2,3,3,3,3,3,3,3,3,3,3,3,3,3,3,3,3,3,3,3,3,3,3,3,0.5
"WTM_BYW064_23",0,0,2,0,0,0,1,0,0,0,0,0,0,0,0,0,NA,NA,NA,0,0,0,0,NA,0,0,NA,0,NA,NA,NA,NA,0,0,0,0,0,0,0,0,0,0,0,0,0,0,0,0,0,0,0,0,0,0,0,0,0,2.5,3,3,3,3,3,3,3,3,3,3,3,3,3,3,3,NA,NA,NA,1,3,3,1,NA,2,3,NA,2,NA,NA,NA,NA,1,3,3,3,3,3,3,3,3,3,3,3,3,3,3,3,3,3,3,3,3,3,3,3,0.5
"WTM_BYW068_23",1,0,0,0,0,0,0,0,0,0,0,NA,NA,NA,NA,NA,NA,NA,NA,NA,NA,NA,NA,NA,NA,NA,NA,NA,NA,NA,NA,NA,NA,NA,NA,NA,NA,NA,NA,NA,NA,NA,NA,NA,NA,NA,NA,NA,NA,NA,NA,NA,NA,NA,NA,NA,NA,2.5,3,3,3,3,3,3,3,3,3,2.5,NA,NA,NA,NA,NA,NA,NA,NA,NA,NA,NA,NA,NA,NA,NA,NA,NA,NA,NA,NA,NA,NA,NA,NA,NA,NA,NA,NA,NA,NA,NA,NA,NA,NA,NA,NA,NA,NA,NA,NA,NA,NA,NA,NA,NA,NA
"WTM_BYW070_23",0,0,0,0,0,0,0,0,1,1,0,1,0,0,0,0,0,0,0,0,0,0,0,0,0,0,0,0,0,0,0,0,0,0,0,0,0,0,0,0,0,0,0,1,0,0,2,0,0,0,2,0,0,0,0,0,0,2.5,3,3,3,3,3,3,3,3,3,3,3,3,3,3,3,3,3,3,3,3,3,3,3,3,3,3,3,3,3,3,3,3,3,3,3,3,3,3,3,3,3,3,3,3,3,3,3,3,3,3,3,3,3,3,3,0.5
"WTM_BYW071_23",0,2,8,0,0,0,3,0,0,0,0,0,0,NA,NA,NA,NA,0,0,0,0,0,0,0,0,0,0,0,NA,0,0,NA,0,0,0,0,0,0,0,0,0,0,0,0,0,0,0,0,0,0,0,0,0,0,0,0,0,2.5,3,3,3,3,3,3,3,3,3,3,3,2,NA,NA,NA,NA,2,3,3,3,3,1,1,3,3,3,3,NA,2,2,NA,3,3,3,3,3,3,3,3,3,3,3,3,3,3,3,3,3,3,3,3,3,3,3,3,0.5
"WTM_BYW072_23",0,0,1,8,0,1,0,0,0,1,1,0,0,NA,NA,NA,NA,NA,NA,0,0,0,0,NA,NA,NA,NA,NA,NA,NA,NA,NA,NA,NA,NA,NA,NA,NA,NA,0,0,0,0,0,0,0,0,0,0,0,0,0,0,0,0,0,0,2.5,3,3,3,3,3,3,3,3,3,3,3,2,NA,NA,NA,NA,NA,NA,1,1,2,1,NA,NA,NA,NA,NA,NA,NA,NA,NA,NA,NA,NA,NA,NA,NA,NA,2,3,3,3,3,3,3,3,3,1,3,3,3,3,3,3,3,0.5
"WTM_BYW073_23",0,0,0,0,1,0,0,0,0,0,0,NA,0,0,0,NA,NA,NA,NA,0,0,0,0,NA,0,0,0,0,NA,NA,NA,NA,NA,NA,NA,0,0,0,0,0,0,0,0,0,0,0,0,0,0,0,0,0,0,0,0,0,0,2.5,3,3,3,3,3,3,3,3,3,3,NA,3,1,1,NA,NA,NA,NA,1,3,3,1,NA,2,3,3,3,NA,NA,NA,NA,NA,NA,NA,3,3,3,3,3,3,3,3,3,3,3,3,3,3,3,3,3,3,3,3,3,0.5
"WTM_BYW074_23",0,0,0,1,0,0,0,1,3,0,0,0,0,0,0,0,0,0,0,0,0,0,0,0,NA,NA,NA,NA,NA,NA,NA,NA,NA,NA,NA,NA,NA,NA,NA,0,0,0,0,0,0,0,0,0,0,0,0,0,0,0,0,0,0,2.5,3,3,3,3,3,3,3,3,3,3,3,3,3,3,3,3,3,3,3,3,3,3,1,NA,NA,NA,NA,NA,NA,NA,NA,NA,NA,NA,NA,NA,NA,NA,1,3,3,3,3,3,3,3,3,3,3,3,3,3,3,3,3,0.5
"WTM_BYW075_23",4,0,1,0,2,0,0,0,0,0,0,0,0,NA,NA,NA,NA,NA,NA,0,0,0,0,NA,NA,NA,NA,NA,NA,NA,NA,NA,NA,NA,NA,NA,NA,NA,NA,NA,NA,NA,NA,NA,NA,NA,NA,NA,NA,0,0,0,0,0,0,0,0,2.5,3,3,3,3,3,3,3,3,3,3,1,2,NA,NA,NA,NA,NA,NA,1,3,3,1,NA,NA,NA,NA,NA,NA,NA,NA,NA,NA,NA,NA,NA,NA,NA,NA,NA,NA,NA,NA,NA,NA,NA,NA,NA,NA,1,3,3,3,3,3,3,0.5
"WTM_BYW076_23",0,0,0,0,0,0,4,6,0,2,4,NA,NA,NA,NA,NA,NA,NA,NA,NA,NA,NA,NA,NA,NA,NA,NA,NA,NA,NA,NA,NA,NA,NA,NA,NA,NA,NA,NA,NA,NA,NA,NA,NA,NA,NA,NA,NA,NA,NA,NA,NA,NA,NA,NA,NA,NA,2.5,3,3,3,3,3,3,3,3,3,1.5,NA,NA,NA,NA,NA,NA,NA,NA,NA,NA,NA,NA,NA,NA,NA,NA,NA,NA,NA,NA,NA,NA,NA,NA,NA,NA,NA,NA,NA,NA,NA,NA,NA,NA,NA,NA,NA,NA,NA,NA,NA,NA,NA,NA,NA,NA
"WTM_BYW077_23",0,0,0,0,0,0,0,0,0,0,0,0,0,0,0,NA,NA,0,0,0,0,0,0,0,0,0,0,0,0,0,0,NA,0,0,0,0,0,0,0,0,0,0,0,0,0,0,0,0,0,0,1,1,0,0,0,0,0,2.5,3,3,3,3,3,3,3,3,3,3,3,3,3,2,NA,NA,1,3,3,3,3,2,1,3,3,3,3,3,3,3,NA,3,3,3,3,3,3,3,3,3,3,3,3,3,3,3,3,3,3,3,3,3,3,3,3,0.5
"WTM_BYW079_23",0,0,0,0,0,0,0,0,0,0,0,0,0,0,0,0,NA,NA,NA,0,0,0,0,NA,0,0,0,0,0,0,0,0,0,0,0,0,0,0,0,0,0,0,0,0,0,0,0,0,0,0,0,0,0,0,0,1,0,2.5,3,3,3,3,3,3,3,3,3,3,3,3,3,3,2,NA,NA,NA,1,3,3,1,NA,3,3,3,3,3,3,3,3,3,3,3,3,3,3,3,3,3,3,3,3,3,3,3,3,3,3,3,3,3,3,3,3,0.5
"WTM_BYW081_23",0,2,2,1,0,0,1,0,0,NA,0,0,0,0,NA,NA,NA,NA,NA,0,0,0,0,NA,NA,NA,NA,NA,NA,NA,NA,NA,NA,NA,NA,NA,NA,NA,NA,NA,NA,0,0,0,0,0,0,0,0,0,0,0,0,0,0,0,0,2.5,3,3,3,3,3,3,3,3,NA,3,3,3,2,NA,NA,NA,NA,NA,1,3,3,1,NA,NA,NA,NA,NA,NA,NA,NA,NA,NA,NA,NA,NA,NA,NA,NA,NA,NA,1,3,3,3,3,3,3,3,3,3,3,3,2,1,3,0.5
"WTM_BYW084_23",1,0,0,0,0,0,0,1,0,2,3,5,1,3,5,0,0,0,0,0,0,0,0,0,0,0,0,0,0,0,0,0,0,0,0,0,0,0,0,0,0,0,0,0,0,0,0,1,0,0,0,0,0,1,0,0,0,2.5,3,3,3,3,3,3,3,3,3,3,3,3,3,3,3,3,3,3,3,3,3,3,3,3,3,3,3,3,3,3,3,3,3,3,3,3,3,3,3,3,3,3,3,3,3,3,3,3,3,3,3,3,3,3,3,0.5
"WTM_BYW086_23",0,0,1,0,0,0,1,0,0,0,0,NA,0,4,NA,NA,NA,NA,NA,NA,0,0,0,NA,NA,NA,NA,0,NA,NA,NA,NA,NA,NA,0,0,0,0,0,0,0,0,0,0,0,0,0,1,0,0,0,1,0,0,0,0,0,2.5,3,3,3,3,3,3,3,3,3,3,NA,2,2,NA,NA,NA,NA,NA,NA,3,3,1,NA,NA,NA,NA,1,NA,NA,NA,NA,NA,NA,2,3,3,3,3,3,3,3,3,3,3,3,3,3,3,3,3,3,3,3,3,3,0.5
"WTM_BYW088_23",0,0,0,0,0,3,0,0,0,0,0,0,0,0,0,NA,NA,NA,NA,NA,0,0,0,NA,NA,NA,NA,NA,NA,NA,NA,NA,NA,NA,NA,NA,NA,NA,NA,NA,NA,NA,0,0,0,0,0,0,0,0,0,0,0,0,0,0,0,2.5,3,3,3,3,3,3,3,3,3,3,1,3,3,2,NA,NA,NA,NA,NA,1,3,1,NA,NA,NA,NA,NA,NA,NA,NA,NA,NA,NA,NA,NA,NA,NA,NA,NA,NA,NA,3,3,3,3,3,3,3,3,3,3,3,3,3,3,0.5
"WTM_BYW089_23",1,0,5,3,6,0,0,0,0,2,0,1,1,0,0,4,0,0,0,1,0,3,0,1,0,1,2,0,0,1,1,NA,1,1,0,3,2,0,1,5,1,NA,NA,NA,NA,NA,NA,NA,NA,NA,NA,NA,NA,NA,NA,NA,NA,2.5,3,3,3,3,3,3,3,3,3,3,3,3,3,3,3,3,3,3,3,3,3,3,3,3,3,3,3,3,3,2,NA,3,3,3,3,3,3,3,3,1.5,NA,NA,NA,NA,NA,NA,NA,NA,NA,NA,NA,NA,NA,NA,NA,NA
"WTM_BYW090_23",10,10,7,5,0,0,0,2,0,0,1,0,0,0,NA,NA,NA,NA,NA,0,0,0,0,0,0,0,0,0,0,0,0,0,0,0,0,0,0,0,0,0,0,0,1,0,0,0,1,0,3,NA,NA,NA,NA,NA,NA,NA,NA,2.5,3,3,3,3,3,3,3,3,3,3,3,3,2,NA,NA,NA,NA,NA,1,3,3,1,1,3,3,3,3,3,3,3,1,3,3,3,3,3,3,3,3,3,3,3,3,3,3,3,3,2.5,NA,NA,NA,NA,NA,NA,NA,NA
"WTM_BYW092_23",0,0,0,0,0,0,0,0,0,0,0,NA,0,0,0,0,0,0,0,0,0,0,0,0,0,0,0,0,NA,0,0,0,0,0,0,0,0,0,0,0,0,0,0,0,0,0,0,0,0,0,0,0,0,0,0,0,0,2.5,3,3,3,3,3,3,3,3,3,3,NA,3,3,3,3,3,3,3,3,3,3,3,3,3,3,3,3,NA,2,3,3,3,3,3,3,3,3,3,3,3,3,3,3,3,3,3,3,3,3,3,3,3,3,3,3,0.5
"WTM_BYW094_23",0,0,0,0,0,0,0,0,0,0,0,0,0,0,NA,NA,NA,NA,0,0,0,0,0,0,0,0,0,0,0,0,0,NA,0,0,0,0,0,0,0,0,0,0,0,0,0,0,0,0,0,0,0,0,0,0,0,0,0,2.5,3,3,3,3,3,3,3,3,3,3,3,3,2,NA,NA,NA,NA,2,3,3,3,3,3,3,3,3,3,3,3,2,NA,3,3,3,3,3,3,3,3,3,3,3,3,3,3,3,3,3,3,3,3,3,3,3,3,0.5
"WTM_BYW096_23",0,0,0,0,0,0,0,0,0,0,0,0,0,0,0,0,0,0,0,0,0,0,0,0,0,0,0,0,0,0,0,0,0,0,0,0,0,0,0,0,0,0,0,0,0,0,0,0,0,0,0,0,0,0,1,0,0,2.5,3,3,3,3,3,3,3,3,3,3,3,3,3,3,3,3,3,3,3,3,3,3,3,3,3,3,3,3,3,3,3,3,3,3,3,3,3,3,3,3,3,3,3,3,3,3,3,3,3,3,3,3,3,3,3,0.5
"WTM_BYW098_23",0,1,0,0,1,1,0,0,0,0,0,0,0,0,0,0,0,0,0,0,0,0,0,0,0,0,0,0,NA,0,0,0,0,0,0,0,0,0,0,0,0,0,0,0,0,0,0,0,0,0,0,0,0,0,0,0,0,2.5,3,3,3,3,3,3,3,3,3,3,3,3,3,3,3,3,3,3,3,3,3,3,3,3,3,3,3,NA,1,3,3,3,3,3,3,3,3,3,3,3,3,3,3,3,3,3,3,3,3,3,3,3,3,3,3,0.5
"WTM_BYW099_23",0,0,0,0,0,0,0,0,0,0,0,0,0,0,0,0,NA,0,0,0,0,0,0,0,0,0,0,0,0,0,0,NA,NA,NA,NA,NA,NA,NA,NA,NA,NA,NA,NA,NA,NA,NA,NA,NA,NA,NA,NA,NA,NA,NA,NA,NA,NA,2.5,3,3,3,3,3,3,3,3,3,3,3,3,3,3,2,NA,1,3,3,3,3,3,3,3,3,3,3,3,3,0.5,NA,NA,NA,NA,NA,NA,NA,NA,NA,NA,NA,NA,NA,NA,NA,NA,NA,NA,NA,NA,NA,NA,NA,NA,NA,NA
"WTM_BYW100_23",0,0,0,0,0,0,0,0,0,1,0,0,0,0,0,0,0,0,0,0,0,0,0,0,0,0,0,0,0,0,0,0,0,0,0,0,0,0,0,0,1,0,0,0,0,0,0,0,0,0,1,0,0,0,0,0,0,2.5,3,3,3,3,3,3,3,3,3,3,3,3,3,3,3,3,3,3,3,3,3,3,3,3,3,3,3,3,3,3,3,3,3,3,3,3,3,3,3,3,3,3,3,3,3,3,3,3,3,3,3,3,3,3,3,0.5
"WTM_BYW101_23",0,0,0,0,0,0,0,0,1,0,0,0,0,0,0,0,0,0,0,0,0,0,0,0,0,0,0,0,0,0,0,0,0,0,0,0,0,0,0,0,0,0,0,0,0,0,0,0,0,0,0,0,0,0,0,0,0,2.5,3,3,3,3,3,3,3,3,3,3,3,3,3,3,3,3,3,3,3,3,3,3,1,3,3,3,3,3,3,3,3,3,3,3,3,3,3,3,3,3,3,3,3,3,3,3,3,3,3,3,3,3,3,3,3,0.5
"WTM_BYW105_23",0,0,0,0,0,0,0,0,0,0,0,NA,NA,NA,NA,NA,NA,NA,NA,NA,NA,NA,NA,NA,NA,NA,NA,NA,NA,NA,NA,NA,NA,NA,NA,NA,NA,NA,NA,NA,NA,NA,NA,NA,NA,NA,NA,NA,NA,NA,NA,0,0,0,0,0,0,2.5,3,3,3,3,3,3,3,3,3,1,NA,NA,NA,NA,NA,NA,NA,NA,NA,NA,NA,NA,NA,NA,NA,NA,NA,NA,NA,NA,NA,NA,NA,NA,NA,NA,NA,NA,NA,NA,NA,NA,NA,NA,NA,NA,NA,NA,NA,NA,3,3,2,1,3,0.5
"WTM_BYW107_23",1,0,0,0,1,1,0,0,0,2,1,NA,0,0,NA,NA,NA,0,0,0,0,0,0,NA,0,0,0,0,NA,0,0,0,0,0,0,0,0,0,0,0,0,0,0,NA,NA,NA,NA,NA,NA,NA,NA,NA,NA,NA,NA,NA,NA,2.5,3,3,3,3,3,3,3,3,3,3,NA,2,1,NA,NA,NA,2,3,3,3,3,2,NA,3,3,3,3,NA,2,3,3,3,3,3,3,3,3,3,3,3,3,0.5,NA,NA,NA,NA,NA,NA,NA,NA,NA,NA,NA,NA,NA,NA
"WTM_BYW108_23",0,0,0,0,0,0,0,0,NA,NA,NA,NA,NA,NA,NA,NA,NA,NA,NA,NA,NA,NA,NA,NA,NA,NA,NA,NA,NA,NA,NA,NA,NA,NA,NA,NA,NA,NA,NA,NA,NA,NA,NA,NA,NA,NA,NA,NA,NA,NA,NA,NA,NA,NA,NA,NA,NA,2.5,3,3,3,3,3,3,2.5,NA,NA,NA,NA,NA,NA,NA,NA,NA,NA,NA,NA,NA,NA,NA,NA,NA,NA,NA,NA,NA,NA,NA,NA,NA,NA,NA,NA,NA,NA,NA,NA,NA,NA,NA,NA,NA,NA,NA,NA,NA,NA,NA,NA,NA,NA,NA,NA,NA
"WTM_BYW109_23",0,0,0,0,0,0,0,0,0,0,0,0,0,0,2,NA,NA,NA,NA,0,0,0,0,NA,NA,0,0,0,0,0,0,0,0,0,0,0,0,0,0,0,0,0,0,0,0,0,0,0,0,1,1,0,0,0,0,1,NA,2.5,3,3,3,3,3,3,3,3,3,3,3,3,3,2,NA,NA,NA,NA,1,1,1,1,NA,NA,2,3,3,3,3,3,3,3,3,3,3,3,3,3,3,3,3,3,3,3,3,3,3,3,3,3,3,3,3,3,2.5,NA
"WTM_BYW112_23",2,2,0,3,0,1,0,0,0,0,0,NA,0,NA,NA,NA,NA,NA,NA,NA,0,0,NA,NA,NA,NA,NA,NA,NA,NA,NA,NA,NA,NA,NA,NA,NA,NA,NA,NA,NA,NA,NA,NA,NA,NA,NA,NA,NA,NA,NA,NA,NA,NA,NA,NA,NA,2.5,3,3,3,3,3,3,3,3,3,3,NA,2,NA,NA,NA,NA,NA,NA,NA,1,0.5,NA,NA,NA,NA,NA,NA,NA,NA,NA,NA,NA,NA,NA,NA,NA,NA,NA,NA,NA,NA,NA,NA,NA,NA,NA,NA,NA,NA,NA,NA,NA,NA,NA,NA,NA
"WTM_BYW114_23",0,0,0,0,0,0,0,0,0,0,0,0,0,0,0,0,0,0,0,0,0,0,0,0,0,0,0,0,0,0,0,NA,0,0,0,0,0,0,0,0,0,0,0,0,0,0,0,0,0,0,0,0,0,0,0,0,0,2.5,3,3,3,3,3,3,3,3,3,3,3,3,3,3,3,3,3,3,3,3,3,3,3,3,3,3,3,3,3,2,NA,3,3,3,3,3,3,3,3,3,3,3,3,1,3,3,3,3,3,3,3,3,2,1,3,0.5
"WTM_BYW115_23",0,0,2,0,0,0,0,0,1,NA,0,NA,0,NA,NA,NA,NA,NA,NA,0,NA,0,0,NA,0,0,NA,0,NA,0,0,NA,0,0,0,0,0,0,0,0,0,0,0,0,0,0,0,0,0,0,0,0,0,0,0,0,0,2.5,3,3,3,3,3,3,3,3,NA,3,NA,1,NA,NA,NA,NA,NA,NA,1,NA,2,1,NA,3,3,NA,1,NA,3,2,NA,3,3,3,3,3,3,3,3,3,3,3,3,3,3,3,3,3,3,3,3,3,3,3,3,0.5
"WTM_BYW121_23",0,NA,NA,NA,NA,NA,0,1,0,0,0,0,0,0,NA,0,NA,0,0,0,0,0,0,0,0,0,0,0,0,0,0,0,0,0,0,0,0,0,0,0,0,0,0,0,0,0,0,0,0,0,0,0,0,0,0,0,0,0.5,NA,NA,NA,NA,NA,2,3,3,3,3,3,3,2,NA,1,NA,1,3,3,2,1,3,3,3,3,3,3,3,3,3,3,3,3,3,3,3,3,3,3,3,3,3,3,3,3,3,3,3,3,3,3,3,3,3,3,0.5
"WTM_BYW123_23",0,0,0,3,1,0,0,0,0,0,0,NA,NA,0,NA,NA,NA,NA,NA,0,0,0,NA,NA,0,0,0,0,0,0,0,NA,0,0,0,0,0,0,0,0,0,0,0,0,0,NA,NA,NA,NA,NA,NA,NA,NA,NA,NA,NA,NA,2.5,3,3,3,3,3,3,3,3,3,3,NA,NA,2,NA,NA,NA,NA,NA,2,2,2,NA,NA,3,3,1,2,3,3,2,NA,2,3,3,3,3,3,3,3,3,3,3,3,1.5,NA,NA,NA,NA,NA,NA,NA,NA,NA,NA,NA,NA
"WTM_BYW124_23",0,0,0,0,0,0,0,3,0,NA,0,0,0,0,NA,NA,NA,NA,NA,0,0,0,NA,0,0,0,0,0,NA,0,0,NA,0,0,0,0,0,0,0,0,0,0,0,0,0,0,0,0,0,0,0,0,0,0,0,0,0,2.5,3,3,3,3,3,3,3,3,NA,3,3,3,1,NA,NA,NA,NA,NA,1,1,2,NA,1,3,3,1,3,NA,2,2,NA,3,3,3,3,3,3,3,3,3,3,3,3,3,3,3,3,3,3,3,3,3,2,1,3,0.5
"WTM_BYW126_23",0,0,0,0,0,0,0,0,0,0,0,0,0,0,NA,NA,NA,NA,NA,NA,NA,NA,NA,NA,NA,NA,NA,NA,NA,NA,NA,NA,NA,NA,NA,NA,NA,NA,NA,NA,NA,NA,NA,NA,NA,NA,NA,0,0,0,0,0,0,0,0,0,0,2.5,3,3,3,3,3,3,3,3,3,3,3,3,2,NA,NA,NA,NA,NA,NA,NA,NA,NA,NA,NA,NA,NA,NA,NA,NA,NA,NA,NA,NA,NA,NA,NA,NA,NA,NA,NA,NA,NA,NA,NA,NA,NA,2,3,3,3,3,3,3,3,3,0.5
"WTM_BYW128_23",0,0,0,1,0,0,0,0,0,0,0,0,0,0,0,0,NA,NA,NA,0,0,0,0,NA,NA,NA,NA,NA,NA,NA,NA,NA,NA,NA,NA,NA,NA,NA,NA,NA,NA,NA,NA,NA,NA,0,0,0,0,0,0,0,0,0,0,0,0,2.5,3,3,3,3,3,3,3,3,3,3,3,3,3,3,3,NA,NA,NA,1,3,3,1,NA,NA,NA,NA,NA,NA,NA,NA,NA,NA,NA,NA,NA,NA,NA,NA,NA,NA,NA,NA,NA,NA,2,3,3,3,3,3,3,3,3,3,3,0.5
"WTM_BYW131_23",0,3,2,0,0,0,0,0,0,0,0,0,0,0,NA,NA,NA,0,0,0,0,0,0,0,0,0,0,0,NA,0,0,0,0,0,0,0,0,0,0,0,0,0,0,0,0,0,0,0,0,0,0,0,0,0,0,0,0,2.5,3,3,3,3,3,3,3,3,3,3,3,3,2,NA,NA,NA,1,3,3,3,3,3,3,3,3,3,3,NA,2,3,3,3,3,3,3,3,3,3,3,3,3,3,3,3,3,3,3,3,3,3,3,3,3,3,3,0.5
"WTM_BYW133_23",0,2,0,3,2,1,1,3,5,0,0,0,0,1,NA,NA,NA,NA,0,0,0,0,NA,0,0,0,0,0,NA,0,0,NA,0,0,0,0,0,0,0,0,0,0,0,0,0,0,0,0,0,0,0,0,0,0,0,0,0,2.5,3,3,3,3,3,3,3,3,3,3,3,3,1,NA,NA,NA,NA,1,3,1,2,NA,1,3,3,3,2,NA,1,2,NA,3,1,3,3,3,3,3,3,3,3,3,3,3,3,3,3,3,3,3,3,3,2,1,3,0.5
"WTM_BYW135_23",1,0,0,0,0,0,0,0,0,0,0,0,0,0,NA,0,NA,NA,NA,0,0,0,0,0,0,0,0,0,0,0,0,NA,0,0,0,0,NA,NA,NA,NA,NA,NA,NA,NA,NA,NA,NA,NA,NA,NA,NA,NA,NA,NA,NA,NA,NA,2.5,3,3,3,3,3,3,3,3,3,3,3,3,2,NA,1,NA,NA,NA,2,3,3,3,3,3,3,3,3,3,3,2,NA,3,3,3,0.5,NA,NA,NA,NA,NA,NA,NA,NA,NA,NA,NA,NA,NA,NA,NA,NA,NA,NA,NA,NA,NA
"WTM_BYW138_23",0,0,0,NA,NA,NA,NA,NA,NA,0,0,0,0,0,NA,NA,NA,NA,NA,0,0,0,0,0,0,0,0,0,0,0,0,NA,0,0,0,0,0,0,0,0,0,0,0,0,0,0,0,0,0,0,0,0,0,0,0,0,0,2.5,3,2,NA,NA,NA,NA,NA,NA,3,3,3,3,1,NA,NA,NA,NA,NA,3,3,3,1,1,3,3,3,3,3,3,1,NA,3,3,3,3,3,3,3,3,3,3,3,3,3,3,3,3,3,3,3,3,3,3,3,3,0.5
"WTM_BYW140_23",0,1,0,1,0,3,0,0,0,0,0,0,0,0,0,0,NA,0,0,0,0,0,0,0,0,0,0,0,0,0,0,0,0,0,0,0,0,0,0,0,0,0,0,0,0,0,0,0,0,0,0,0,0,0,0,0,0,2.5,3,3,3,3,3,3,3,3,3,3,3,3,3,3,2,NA,1,3,3,3,3,3,3,3,3,3,3,3,3,3,3,3,3,3,3,3,3,3,3,3,3,3,3,3,3,3,3,3,3,3,3,3,3,3,3,0.5
"WTM_BYW142_23",0,0,0,0,0,0,0,2,0,0,0,NA,0,NA,NA,NA,NA,NA,NA,NA,NA,NA,NA,NA,NA,NA,NA,NA,NA,NA,NA,NA,NA,NA,NA,NA,NA,NA,NA,NA,NA,NA,NA,NA,NA,NA,NA,NA,NA,NA,NA,NA,NA,NA,NA,NA,NA,2.5,3,3,3,3,3,3,3,3,3,3,NA,2.5,NA,NA,NA,NA,NA,NA,NA,NA,NA,NA,NA,NA,NA,NA,NA,NA,NA,NA,NA,NA,NA,NA,NA,NA,NA,NA,NA,NA,NA,NA,NA,NA,NA,NA,NA,NA,NA,NA,NA,NA,NA,NA,NA,NA
"WTM_BYW143_23",1,3,1,0,0,2,0,0,1,0,0,NA,0,1,NA,NA,NA,NA,NA,NA,NA,0,0,NA,NA,NA,NA,NA,NA,NA,NA,NA,NA,NA,NA,NA,NA,NA,NA,NA,NA,NA,NA,NA,NA,NA,NA,NA,NA,NA,NA,NA,NA,NA,NA,NA,NA,2.5,3,3,3,3,3,3,3,3,1,2,NA,2,1,NA,NA,NA,NA,NA,NA,NA,1,0.5,NA,NA,NA,NA,NA,NA,NA,NA,NA,NA,NA,NA,NA,NA,NA,NA,NA,NA,NA,NA,NA,NA,NA,NA,NA,NA,NA,NA,NA,NA,NA,NA,NA,NA
"WTM_BYW144_23",0,0,2,0,0,0,0,0,0,0,0,0,0,0,NA,NA,NA,NA,NA,NA,NA,NA,NA,NA,NA,NA,NA,NA,NA,NA,NA,NA,NA,NA,NA,NA,NA,NA,NA,NA,NA,NA,NA,NA,NA,NA,NA,NA,NA,NA,NA,NA,NA,NA,NA,NA,NA,2.5,3,3,3,3,3,3,3,3,1,3,3,3,0.5,NA,NA,NA,NA,NA,NA,NA,NA,NA,NA,NA,NA,NA,NA,NA,NA,NA,NA,NA,NA,NA,NA,NA,NA,NA,NA,NA,NA,NA,NA,NA,NA,NA,NA,NA,NA,NA,NA,NA,NA,NA,NA,NA
"WTM_BYW146_23",0,2,0,1,0,0,1,0,0,0,0,NA,0,0,0,0,NA,NA,NA,NA,NA,NA,NA,NA,NA,NA,NA,NA,NA,NA,NA,NA,NA,NA,NA,NA,NA,NA,NA,NA,NA,NA,NA,NA,NA,NA,0,0,0,0,0,0,0,0,0,0,0,2.5,3,3,3,3,3,3,3,3,3,3,NA,2,2,2,2,NA,NA,NA,NA,NA,NA,NA,NA,NA,NA,NA,NA,NA,NA,NA,NA,NA,NA,NA,NA,NA,NA,NA,NA,NA,NA,NA,NA,NA,NA,2,3,3,3,3,3,3,3,3,3,0.5
"WTM_BYW148_23",1,0,0,0,1,0,0,0,0,0,0,0,0,0,0,0,NA,NA,NA,0,0,0,0,NA,0,0,NA,NA,NA,NA,NA,NA,NA,NA,NA,0,0,0,0,0,0,0,0,0,0,0,0,0,0,0,0,0,0,0,0,0,0,2.5,3,3,3,3,3,3,3,3,3,3,3,3,3,3,1,NA,NA,NA,1,3,3,2,NA,2,3,NA,NA,NA,NA,NA,NA,NA,NA,NA,3,3,3,3,3,3,3,3,3,3,3,3,3,3,3,3,3,3,3,3,3,0.5
"WTM_BYW150_23",1,0,0,0,0,0,0,0,0,0,1,0,0,0,1,0,NA,NA,0,0,0,0,0,0,0,0,0,0,0,0,0,0,0,0,0,0,0,0,1,0,0,0,0,0,0,0,0,0,0,0,0,0,0,0,0,0,0,2.5,3,3,3,3,3,3,3,3,3,3,3,3,3,3,3,NA,NA,3,3,3,3,3,3,3,3,3,3,3,3,3,3,3,3,3,3,3,3,3,3,3,3,3,3,3,3,3,3,3,3,3,3,3,3,3,3,0.5
"WTM_BYW151_23",0,3,0,1,0,0,0,1,2,0,0,2,0,0,0,0,NA,NA,NA,0,0,0,0,0,0,0,0,0,0,0,0,0,0,0,0,0,0,0,0,0,0,0,0,0,0,0,0,0,0,0,0,0,0,0,0,0,0,2.5,3,3,3,3,3,3,3,3,3,3,3,3,3,3,2,NA,NA,NA,3,3,3,3,3,3,3,3,3,3,3,3,3,3,3,3,3,3,3,3,3,3,3,3,3,3,3,3,3,3,3,3,3,3,3,3,3,0.5
"WTM_BYW153_23",0,0,0,0,0,0,1,1,0,0,0,0,0,0,NA,NA,NA,0,0,0,0,0,0,0,0,0,0,0,0,0,0,NA,0,0,0,0,0,0,0,0,0,0,0,0,0,0,0,0,0,0,0,0,0,0,0,0,0,2.5,3,3,3,3,3,3,3,3,3,3,3,3,2,NA,NA,NA,1,3,3,3,3,3,3,3,3,3,3,3,3,2,NA,3,3,3,3,3,3,3,3,3,3,3,3,3,3,3,3,3,3,3,3,3,3,3,3,0.5
"WTM_BYW155_23",0,1,0,0,0,0,0,0,0,0,0,0,0,0,0,0,NA,NA,NA,0,0,0,0,0,0,0,0,0,0,0,0,0,0,0,0,0,0,0,0,0,0,0,0,0,0,0,0,0,0,0,0,0,0,0,0,0,0,2.5,3,3,3,3,3,3,3,3,3,3,3,3,3,3,2,NA,NA,NA,2,3,3,3,3,3,3,3,3,3,3,3,3,3,3,3,3,3,3,3,3,3,3,3,3,3,3,3,3,3,3,3,3,3,3,3,3,0.5
"WTM_BYW160_23",0,0,0,0,0,0,0,0,0,0,0,0,0,0,NA,NA,NA,NA,NA,0,0,0,0,NA,NA,NA,NA,NA,NA,NA,NA,NA,NA,NA,NA,NA,NA,NA,NA,NA,NA,NA,NA,NA,NA,NA,NA,NA,NA,NA,NA,NA,NA,NA,NA,NA,NA,2.5,3,3,3,3,3,3,3,3,3,3,3,3,2,NA,NA,NA,NA,NA,2,3,3,0.5,NA,NA,NA,NA,NA,NA,NA,NA,NA,NA,NA,NA,NA,NA,NA,NA,NA,NA,NA,NA,NA,NA,NA,NA,NA,NA,NA,NA,NA,NA,NA,NA,NA,NA
"WTM_BYW162_23",0,0,0,0,0,0,0,0,0,NA,0,NA,0,0,NA,NA,NA,NA,NA,NA,NA,NA,NA,NA,NA,NA,NA,NA,NA,NA,NA,NA,NA,NA,NA,NA,NA,NA,NA,NA,NA,NA,NA,NA,NA,NA,NA,NA,NA,NA,NA,NA,NA,NA,NA,NA,NA,2.5,3,3,3,3,3,3,3,3,NA,3,NA,2,0.5,NA,NA,NA,NA,NA,NA,NA,NA,NA,NA,NA,NA,NA,NA,NA,NA,NA,NA,NA,NA,NA,NA,NA,NA,NA,NA,NA,NA,NA,NA,NA,NA,NA,NA,NA,NA,NA,NA,NA,NA,NA,NA,NA
"WTM_BYW164_23",0,0,0,0,1,0,0,0,0,0,0,0,0,0,NA,NA,NA,NA,NA,0,0,0,0,0,0,0,0,0,NA,0,0,NA,0,0,0,0,0,0,0,0,0,0,0,0,0,0,0,0,0,0,0,0,0,0,0,0,0,2.5,3,3,3,3,3,3,3,3,3,3,3,3,1,NA,NA,NA,NA,NA,3,3,3,2,1,3,3,3,3,NA,3,3,NA,3,3,3,3,3,3,3,3,3,3,3,3,3,3,3,3,3,3,3,3,3,3,3,3,0.5
"WTM_BYW166_23",0,0,0,0,0,1,0,0,0,0,0,0,0,0,NA,NA,NA,NA,NA,0,0,0,0,0,0,0,0,0,NA,0,0,NA,0,0,0,0,0,0,0,0,0,NA,NA,NA,NA,NA,NA,NA,NA,NA,NA,NA,NA,NA,NA,NA,NA,2.5,3,3,3,3,3,3,3,3,3,3,3,3,1,NA,NA,NA,NA,NA,1,3,3,1,1,3,3,1,3,NA,1,2,NA,3,3,3,3,3,3,3,3,2.5,NA,NA,NA,NA,NA,NA,NA,NA,NA,NA,NA,NA,NA,NA,NA,NA
"WTM_BYW167_23",0,0,0,0,0,0,0,0,0,0,0,0,0,1,1,0,NA,NA,NA,0,0,0,0,0,0,0,0,0,0,0,0,NA,0,0,0,0,0,0,0,0,0,0,0,0,0,0,0,0,0,0,0,0,0,0,0,0,0,2.5,3,3,3,3,3,3,3,3,3,3,3,3,2,2,2,NA,NA,NA,3,3,3,3,3,3,3,3,3,3,3,1,NA,3,3,3,3,3,3,3,3,3,3,3,3,3,3,3,3,3,3,3,3,3,3,3,3,0.5
"WTM_BYW168_23",0,0,0,0,0,0,0,0,0,0,0,0,0,0,0,0,NA,NA,NA,0,0,0,0,0,0,0,0,0,0,0,1,0,0,0,0,0,0,0,0,1,0,0,0,0,1,2,1,1,0,0,0,0,0,1,0,0,0,2.5,3,3,3,3,3,3,3,3,3,3,3,3,3,3,3,NA,NA,NA,2,3,3,3,3,3,3,3,3,3,3,3,3,3,3,3,3,3,3,3,3,3,3,3,3,3,3,3,3,3,3,3,3,3,3,3,3,0.5
"WTM_BYW171_23",1,1,0,0,2,0,0,0,0,1,0,0,0,0,NA,NA,NA,0,0,0,0,0,0,0,0,0,0,0,0,1,2,0,0,0,0,1,0,0,0,0,0,0,0,0,0,0,0,0,0,1,0,0,0,0,0,0,0,2.5,3,3,3,3,3,3,3,3,3,3,3,3,2,NA,NA,NA,1,3,3,3,3,3,3,3,3,1,3,3,3,2,1,3,3,3,3,3,3,3,3,3,3,3,3,3,3,3,3,3,3,3,3,3,3,3,3,0.5
"WTM_BYW173_23",2,0,0,0,0,0,0,0,0,0,0,0,0,0,0,0,NA,0,0,0,0,0,0,0,0,0,0,0,0,0,0,0,0,0,0,0,0,0,0,0,0,0,0,0,0,0,0,0,0,0,NA,NA,NA,NA,NA,NA,NA,2.5,3,3,3,3,3,3,3,3,3,3,3,3,3,3,2,NA,1,3,3,3,3,3,3,3,3,3,3,3,3,3,3,3,3,3,3,3,3,3,3,3,3,3,3,3,3,3,3,3,0.5,NA,NA,NA,NA,NA,NA,NA
"WTM_BYW176_23",0,1,0,0,0,0,0,0,0,0,0,0,0,0,0,0,NA,NA,NA,0,0,0,0,0,0,0,0,0,0,0,0,0,0,0,0,0,0,0,0,0,0,0,0,0,0,0,0,0,0,0,0,0,0,0,0,0,0,2.5,3,3,3,3,3,3,3,3,3,3,3,3,3,3,2,NA,NA,NA,2,3,3,3,3,3,3,3,3,3,3,3,3,3,3,3,3,3,3,3,3,3,3,3,3,3,3,3,3,3,3,3,3,3,3,3,3,0.5
"WTM_BYW178_23",1,0,0,0,0,0,0,0,0,0,0,0,0,0,NA,NA,NA,NA,NA,0,0,0,0,0,0,0,0,0,0,0,0,NA,0,0,0,0,0,0,0,0,0,0,0,0,0,0,0,0,0,0,0,0,0,0,0,0,0,2.5,3,3,3,3,3,3,3,3,3,3,3,3,2,NA,NA,NA,NA,NA,1,3,3,1,3,3,3,1,3,3,3,2,NA,3,3,3,3,3,3,3,3,3,3,3,3,3,3,3,3,3,3,3,3,3,2,1,3,0.5
"WTM_BYW180_23",1,0,0,0,0,0,0,0,0,0,0,0,0,0,0,0,NA,NA,NA,NA,NA,NA,NA,NA,NA,NA,NA,NA,NA,NA,NA,NA,NA,NA,NA,NA,NA,NA,NA,NA,NA,NA,NA,NA,NA,NA,NA,NA,0,0,0,0,0,0,0,0,0,2.5,3,3,3,3,3,3,3,3,3,3,3,3,3,3,2,NA,NA,NA,NA,NA,NA,NA,NA,NA,NA,NA,NA,NA,NA,NA,NA,NA,NA,NA,NA,NA,NA,NA,NA,NA,NA,NA,NA,NA,NA,NA,NA,3,3,3,3,3,3,3,3,0.5
"WTM_BYW181_23",0,0,0,0,0,0,0,0,0,0,0,0,0,0,NA,NA,NA,NA,NA,0,0,0,0,NA,NA,NA,NA,NA,NA,NA,NA,NA,NA,NA,NA,NA,NA,NA,NA,NA,NA,NA,NA,NA,NA,NA,NA,NA,NA,NA,NA,NA,0,0,0,0,0,2.5,3,3,3,3,3,3,3,3,3,3,3,3,2,NA,NA,NA,NA,NA,1,3,3,1,NA,NA,NA,NA,NA,NA,NA,NA,NA,NA,NA,NA,NA,NA,NA,NA,NA,NA,NA,NA,NA,NA,NA,NA,NA,NA,NA,NA,NA,1,3,3,3,0.5
"WTM_BYW182_23",0,0,0,0,0,0,0,0,0,0,0,0,0,0,0,0,NA,NA,NA,NA,0,0,0,NA,NA,NA,NA,NA,NA,NA,NA,NA,NA,NA,NA,NA,NA,NA,NA,NA,NA,NA,NA,NA,NA,NA,NA,NA,NA,NA,NA,0,0,0,0,0,0,2.5,3,3,3,3,3,3,3,3,3,3,3,3,3,3,3,NA,NA,NA,NA,3,3,1,NA,NA,NA,NA,NA,NA,NA,NA,NA,NA,NA,NA,NA,NA,NA,NA,NA,NA,NA,NA,NA,NA,NA,NA,NA,NA,NA,NA,2,3,3,3,3,0.5
"WTM_BYW184_23",0,0,0,0,0,0,0,0,0,0,1,1,0,0,NA,NA,NA,NA,NA,0,0,0,0,0,0,0,0,0,0,0,0,0,0,0,0,0,0,0,0,0,0,0,0,0,0,0,0,0,0,0,0,0,0,0,0,0,0,2.5,3,3,3,3,3,3,3,3,3,3,3,3,2,NA,NA,NA,NA,NA,2,3,3,3,3,3,3,3,3,3,3,3,3,3,3,3,3,3,3,3,3,3,3,3,3,3,3,3,3,3,3,3,3,3,3,3,3,0.5
"WTM_BYW185_23",0,0,0,0,0,0,0,0,0,0,0,0,0,0,0,0,NA,0,0,0,0,0,0,0,0,0,0,0,0,0,0,0,0,0,0,0,0,0,0,0,0,0,0,0,0,0,0,0,0,0,0,0,0,0,0,0,0,2.5,3,3,3,3,3,3,3,3,3,3,3,3,3,3,3,NA,2,3,3,3,3,3,3,3,3,3,3,3,3,3,3,3,3,3,3,3,3,3,3,3,3,3,3,3,3,3,3,3,3,3,3,3,3,3,3,0.5
"WTM_BYW186_23",0,0,0,3,2,0,0,0,0,0,0,0,0,0,1,0,NA,NA,NA,0,0,0,0,0,0,3,0,0,0,0,0,0,0,0,0,0,0,0,0,0,0,0,8,0,0,0,1,0,0,0,0,0,0,0,0,0,0,2.5,3,3,3,3,3,3,3,3,3,3,3,3,3,3,2,NA,NA,NA,3,3,3,3,3,3,3,3,3,3,3,3,3,3,3,3,3,3,3,3,3,3,3,3,3,3,3,3,3,3,3,3,3,3,3,3,3,0.5
"WTM_BYW187_23",0,0,1,0,0,2,2,0,0,0,0,0,0,0,0,NA,NA,NA,NA,0,0,0,0,0,0,0,0,0,0,0,0,0,0,0,0,0,0,0,0,0,0,0,0,0,0,0,0,0,0,0,0,0,0,0,0,0,0,2.5,3,3,3,3,3,3,3,3,3,3,3,3,3,2,NA,NA,NA,NA,2,3,3,3,3,3,3,3,3,3,3,3,3,3,3,3,3,3,3,3,3,3,3,3,3,3,3,3,3,3,3,3,3,3,3,3,3,0.5
"WTM_BYW190_23",0,0,0,0,0,0,0,0,1,0,0,0,0,0,0,0,NA,0,0,0,0,0,0,0,0,0,0,0,0,0,0,0,0,0,NA,NA,NA,NA,NA,NA,NA,NA,NA,NA,NA,NA,NA,NA,NA,NA,NA,NA,NA,NA,NA,NA,NA,2.5,3,3,3,3,3,3,3,3,3,3,3,3,3,3,3,NA,1,3,3,3,3,3,3,3,3,3,3,3,3,3,3,3,2.5,NA,NA,NA,NA,NA,NA,NA,NA,NA,NA,NA,NA,NA,NA,NA,NA,NA,NA,NA,NA,NA,NA,NA
"WTM_BYW193_23",0,0,0,0,0,0,0,0,0,0,0,0,0,0,0,0,NA,NA,NA,0,0,0,0,0,0,0,0,0,0,0,0,0,0,0,0,0,0,0,0,0,0,0,0,0,0,0,0,0,0,0,0,0,0,0,0,0,0,2.5,3,3,3,3,3,3,3,3,3,3,3,3,3,3,3,NA,NA,NA,3,3,3,3,3,3,3,3,3,3,3,3,3,3,3,3,3,3,3,3,3,3,3,3,3,3,3,3,3,3,3,3,3,3,3,3,3,0.5
"WTM_BYW195_23",0,0,0,0,NA,NA,NA,0,0,0,0,0,0,0,0,0,0,0,0,0,0,0,0,0,0,0,0,2,0,0,0,0,0,0,0,0,0,0,0,0,0,1,0,0,NA,NA,NA,NA,NA,NA,NA,NA,NA,NA,NA,NA,NA,2.5,3,3,2,NA,NA,NA,3,3,3,3,3,3,3,3,3,3,3,3,3,3,3,3,3,3,3,3,3,3,3,3,3,3,3,3,3,3,3,3,3,3,3,3,2.5,NA,NA,NA,NA,NA,NA,NA,NA,NA,NA,NA,NA,NA
"WTM_BYW198_23",0,0,1,0,0,0,NA,NA,NA,NA,NA,NA,NA,NA,NA,NA,NA,NA,NA,NA,NA,NA,NA,NA,NA,NA,NA,NA,NA,0,0,NA,0,0,0,0,0,0,0,0,0,0,0,0,0,0,0,0,0,0,0,0,0,0,0,0,0,2.5,3,3,3,3,3,NA,NA,NA,NA,NA,NA,NA,NA,NA,NA,NA,NA,NA,NA,NA,NA,NA,NA,NA,NA,NA,NA,NA,2,2,NA,2,3,3,3,3,3,3,3,3,3,3,3,3,3,3,3,3,3,3,3,3,2,1,3,0.5
"WTM_BYW200_23",0,0,0,1,0,0,0,4,0,0,0,0,NA,NA,NA,NA,NA,NA,NA,0,0,0,0,NA,NA,0,0,NA,NA,0,0,NA,NA,NA,NA,0,0,0,0,0,0,0,0,0,0,0,0,0,0,0,0,0,0,0,0,0,0,2.5,3,3,3,3,3,3,3,3,3,3,1,NA,NA,NA,NA,NA,NA,NA,1,3,3,2,NA,NA,2,1,NA,NA,1,2,NA,NA,NA,NA,3,3,3,3,3,3,3,3,3,3,3,3,3,3,3,3,3,3,3,3,3,0.5
"WTM_BYW206_23",3,4,1,2,2,2,1,1,2,0,1,2,0,0,0,0,NA,NA,NA,0,0,0,0,0,2,0,0,0,0,0,0,0,0,0,0,2,1,0,0,0,0,0,0,0,0,2,NA,NA,NA,NA,NA,NA,NA,NA,NA,NA,NA,2.5,3,3,3,3,3,3,3,3,3,3,3,3,3,3,2,NA,NA,NA,2,3,3,3,3,3,3,3,3,3,3,3,3,3,3,3,3,3,3,3,3,3,3,3,3,3,0.5,NA,NA,NA,NA,NA,NA,NA,NA,NA,NA,NA
"WTM_BYW207_23",0,0,0,0,0,0,0,0,0,0,0,0,0,0,0,0,NA,0,0,0,0,0,0,0,0,0,0,0,0,0,0,0,0,0,0,0,0,0,1,0,0,0,0,0,0,0,0,0,0,0,0,0,0,0,0,1,0,2.5,3,3,3,3,3,3,3,3,3,3,3,3,3,3,3,NA,1,3,3,3,3,3,3,3,3,3,3,3,3,3,3,3,3,3,3,3,3,3,3,3,3,3,3,3,3,3,3,3,3,3,3,3,3,3,3,0.5
"WTM_BYW208_23",0,0,0,0,0,0,NA,NA,NA,NA,NA,NA,NA,NA,0,0,0,0,0,0,0,NA,0,0,0,0,0,0,0,0,0,0,0,0,0,0,NA,NA,NA,NA,NA,NA,NA,NA,NA,NA,NA,NA,NA,NA,NA,NA,NA,NA,NA,NA,NA,2.5,3,3,3,3,3,NA,NA,NA,NA,NA,NA,NA,NA,1,3,2,1,3,3,3,NA,1,3,3,3,3,3,3,3,3,3,3,3,3,1.5,NA,NA,NA,NA,NA,NA,NA,NA,NA,NA,NA,NA,NA,NA,NA,NA,NA,NA,NA,NA,NA
"WTM_BYW210_23",0,0,0,0,0,0,0,2,0,0,0,0,0,0,1,4,NA,3,1,0,0,0,0,0,0,0,0,0,0,0,0,NA,0,1,0,0,0,0,0,0,0,0,0,0,0,0,0,0,0,0,0,1,0,0,0,0,0,2.5,3,3,3,3,3,3,3,3,3,3,3,3,3,3,2,NA,1,3,3,3,3,3,3,3,3,3,3,3,3,2,NA,3,3,3,3,3,3,3,3,3,3,3,3,3,3,3,3,3,3,3,3,3,3,3,3,0.5
"WTM_BYW212_23",3,0,0,0,0,0,0,0,0,0,0,0,0,0,NA,0,NA,NA,0,0,0,0,0,0,0,0,0,0,0,0,0,NA,0,0,0,0,0,0,0,0,0,0,0,0,0,0,0,0,0,0,0,0,0,0,0,0,0,2.5,3,3,3,3,3,3,3,3,3,3,3,3,2,NA,2,NA,NA,2,3,3,3,3,3,3,3,3,3,3,3,2,NA,3,3,3,3,3,3,3,3,3,3,3,3,3,3,3,3,3,3,3,3,3,3,3,3,0.5
"WTM_BYW214_23",0,1,0,0,3,1,0,0,2,0,1,0,0,1,0,0,NA,NA,NA,0,0,0,0,NA,0,0,0,0,0,0,0,NA,0,0,0,0,0,0,0,0,0,0,0,0,0,0,0,0,0,0,0,0,0,0,0,2,0,2.5,3,3,3,3,3,3,3,3,3,3,3,3,3,3,2,NA,NA,NA,1,3,3,2,NA,3,3,1,2,3,3,3,NA,2,3,3,3,3,3,3,3,3,3,3,3,3,3,3,3,3,3,3,3,3,3,3,3,0.5
"WTM_BYW216_23",0,1,0,0,0,0,0,0,0,0,0,0,0,0,NA,NA,NA,0,0,0,0,0,0,NA,NA,NA,NA,NA,NA,NA,NA,NA,NA,NA,NA,NA,NA,NA,NA,NA,NA,NA,NA,NA,NA,NA,NA,NA,NA,NA,NA,NA,NA,NA,NA,NA,NA,2.5,3,3,3,3,3,3,3,3,3,3,3,3,2,NA,NA,NA,1,3,3,3,3,0.5,NA,NA,NA,NA,NA,NA,NA,NA,NA,NA,NA,NA,NA,NA,NA,NA,NA,NA,NA,NA,NA,NA,NA,NA,NA,NA,NA,NA,NA,NA,NA,NA,NA,NA
"WTM_BYW218_23",0,0,0,0,0,0,0,0,0,0,1,0,0,0,0,0,NA,NA,NA,0,0,0,0,0,0,0,0,0,0,0,0,0,0,0,0,0,0,0,0,0,0,0,0,0,0,0,0,0,0,0,0,0,0,0,0,0,0,2.5,3,3,3,3,3,3,3,3,3,3,3,3,3,3,2,NA,NA,NA,2,3,3,3,3,3,3,3,3,3,3,3,3,3,3,3,3,3,3,3,3,3,3,3,3,3,3,3,3,3,3,3,3,3,3,3,3,0.5
"WTM_BYW221_23",3,0,0,1,0,0,0,0,0,0,0,0,0,0,0,NA,NA,NA,NA,0,0,1,0,0,0,0,0,0,0,0,0,0,0,0,1,0,0,0,0,0,0,0,0,0,0,1,0,0,0,0,1,0,0,0,0,0,0,2.5,3,3,3,3,3,3,3,3,3,3,3,3,3,3,NA,NA,NA,NA,2,3,3,3,3,3,3,3,3,3,3,3,3,3,3,3,3,3,3,3,3,3,3,3,3,3,3,3,3,3,3,3,3,3,3,3,3,0.5
"WTM_BYW223_23",3,7,0,0,0,0,0,0,0,0,0,1,1,1,0,0,NA,NA,NA,0,1,0,0,0,1,0,0,0,0,1,0,0,0,0,0,0,2,0,1,0,0,0,0,0,0,0,0,1,1,0,0,0,0,0,0,2,0,2.5,3,3,3,3,3,3,3,3,3,3,3,3,3,3,2,NA,NA,NA,2,3,3,3,3,3,3,3,3,3,3,3,3,3,3,3,3,3,3,3,3,3,3,3,3,3,3,3,3,3,3,3,3,3,3,3,3,0.5
"WTM_BYW225_23",0,0,0,0,0,1,0,0,0,0,1,0,1,0,0,0,NA,NA,NA,0,0,0,0,0,0,0,0,0,0,1,0,0,0,0,0,0,0,0,0,0,0,0,0,0,0,0,0,0,0,0,0,0,0,0,0,0,0,2.5,3,3,3,3,3,3,3,3,3,3,3,3,3,3,2,NA,NA,NA,2,3,3,3,3,3,3,3,3,3,3,3,3,3,3,3,3,3,3,3,3,3,3,3,3,3,3,3,3,3,3,3,3,3,3,3,3,0.5
"WTM_BYW227_23",0,0,0,0,0,0,1,0,0,0,0,0,0,0,0,0,NA,NA,NA,NA,0,0,0,0,0,0,0,0,0,0,0,0,0,0,0,0,0,0,0,0,1,0,0,0,0,1,0,0,0,0,0,0,0,1,0,0,0,2.5,3,3,3,3,3,3,3,3,3,3,3,3,3,3,3,NA,NA,NA,NA,3,3,3,3,3,3,3,3,3,3,3,3,3,3,3,3,3,3,3,3,3,3,3,3,3,3,3,3,3,3,3,3,3,3,3,3,0.5
"WTM_BYW229_23",1,0,0,0,0,0,1,0,2,NA,0,1,0,0,NA,NA,NA,NA,NA,NA,0,0,NA,NA,0,0,0,0,0,0,0,NA,0,0,0,0,0,0,0,0,0,0,0,0,0,0,4,0,6,0,3,0,0,0,NA,NA,NA,2.5,3,3,3,3,3,3,3,3,NA,3,3,3,1,NA,NA,NA,NA,NA,NA,3,3,NA,NA,2,3,3,3,3,3,2,NA,3,3,3,3,3,3,3,3,3,3,3,3,3,3,3,3,3,3,3,3,3,1.5,NA,NA,NA
"WTM_BYW231_23",0,0,0,0,0,0,0,0,0,0,2,0,0,0,0,0,NA,NA,NA,0,0,0,0,0,0,0,0,0,0,0,0,0,0,0,0,0,0,0,0,0,0,0,0,0,0,0,0,0,0,0,0,0,0,0,0,0,0,2.5,3,3,3,3,3,3,3,3,3,3,3,3,3,3,3,NA,NA,NA,2,3,3,3,3,3,3,3,3,3,3,3,3,3,3,3,3,3,3,3,3,3,3,3,3,3,3,3,3,3,3,3,3,3,3,3,3,0.5
"WTM_BYW233_23",0,0,0,0,0,0,0,0,0,0,0,1,0,0,0,0,NA,NA,NA,1,1,0,0,0,0,0,0,0,0,0,0,0,0,0,0,0,0,0,0,0,0,0,0,0,0,0,0,0,0,0,0,0,0,0,0,0,0,2.5,3,3,3,3,3,3,3,3,3,3,3,3,3,3,3,NA,NA,NA,3,3,3,3,3,3,3,3,3,3,3,3,3,3,3,3,3,3,3,3,3,3,3,3,3,3,3,3,3,3,3,3,3,3,3,3,3,0.5
"WTM_BYW235_23",0,0,0,0,0,0,0,1,0,0,0,1,0,0,0,NA,NA,NA,NA,0,1,0,0,0,0,0,0,2,0,0,0,1,0,2,0,1,0,0,0,0,0,0,0,0,0,0,0,0,0,0,0,0,0,0,0,1,0,2.5,3,3,3,3,3,3,3,3,3,3,3,3,3,2,NA,NA,NA,NA,2,3,3,3,3,3,3,3,3,3,3,3,3,3,3,3,3,3,3,3,3,3,3,3,3,3,3,3,3,3,3,3,3,3,3,3,3,0.5
"WTM_BYW237_23",2,0,1,0,0,0,NA,NA,NA,0,0,0,0,0,0,0,0,0,0,0,0,0,0,0,0,0,0,0,0,0,0,0,0,0,0,0,0,0,0,0,0,0,0,0,0,0,NA,NA,NA,NA,NA,NA,NA,NA,NA,NA,NA,2.5,3,3,3,3,1,NA,NA,NA,2,3,3,3,3,3,3,3,3,3,3,2,2,3,3,3,3,3,3,3,3,3,3,3,3,3,3,3,3,3,3,3,3,3,3,3,2.5,NA,NA,NA,NA,NA,NA,NA,NA,NA,NA,NA
"WTM_BYW239_23",1,0,1,0,0,0,0,0,1,1,0,0,0,0,NA,NA,NA,NA,NA,NA,0,4,0,0,0,4,0,0,2,NA,NA,NA,NA,NA,NA,NA,NA,NA,NA,NA,NA,NA,NA,NA,NA,NA,NA,NA,NA,NA,NA,NA,NA,NA,NA,NA,NA,2.5,3,3,3,3,3,3,3,3,3,3,3,3,2,NA,NA,NA,NA,NA,NA,3,3,3,3,3,3,3,3,2.5,NA,NA,NA,NA,NA,NA,NA,NA,NA,NA,NA,NA,NA,NA,NA,NA,NA,NA,NA,NA,NA,NA,NA,NA,NA,NA,NA,NA
"WTM_BYW241_23",0,0,0,0,0,0,0,0,0,0,0,0,0,0,0,0,NA,NA,NA,NA,0,0,0,0,0,0,0,0,0,0,0,0,0,0,0,0,0,0,0,0,0,0,0,0,0,0,0,0,0,0,0,0,0,0,0,0,0,2.5,3,3,3,3,3,3,3,3,3,3,3,3,3,3,3,NA,NA,NA,NA,1,3,3,3,3,3,3,3,3,3,3,3,3,3,3,3,3,3,3,3,3,3,3,3,3,3,3,3,3,3,3,3,3,3,3,3,0.5
"WTM_BYW245_23",0,0,0,0,0,0,0,0,0,0,0,0,0,0,0,0,NA,NA,NA,NA,0,0,0,0,0,0,0,0,0,0,0,0,0,1,0,1,0,0,0,0,0,0,0,0,0,0,0,0,0,0,1,0,0,0,0,0,0,2.5,3,3,3,3,3,3,3,3,3,3,3,3,3,3,2,NA,NA,NA,NA,3,3,3,3,3,3,3,3,3,3,3,1,3,3,3,3,3,3,3,3,3,3,3,3,3,3,3,3,3,3,3,3,3,3,3,3,0.5
"WTM_BYW248_23",1,2,1,1,2,0,0,0,0,0,0,1,0,0,1,NA,NA,NA,NA,0,0,0,0,0,0,0,0,0,0,0,0,0,0,0,0,0,0,0,0,0,0,0,0,0,0,0,0,0,0,0,0,0,0,1,0,0,0,2.5,3,3,3,3,3,3,3,3,3,3,3,3,3,1,NA,NA,NA,NA,3,3,3,3,3,3,3,3,3,3,3,3,3,3,3,3,3,3,3,3,3,3,3,3,3,3,3,3,3,3,3,3,3,3,3,3,3,0.5
"WTM_BYW249_23",0,0,0,0,0,0,0,0,0,0,0,0,0,0,0,0,NA,0,0,0,0,0,0,0,0,0,0,0,0,0,0,0,0,0,0,0,0,0,0,0,0,0,0,0,0,0,0,0,0,0,0,0,0,0,0,0,0,2.5,3,3,3,3,3,3,3,3,3,3,3,3,3,3,3,NA,2,3,3,3,3,3,3,3,3,3,3,3,3,3,3,3,3,3,3,3,3,3,3,3,3,3,3,3,3,3,3,3,3,3,3,3,3,3,3,0.5
"WTM_BYW252_23",0,0,0,0,0,0,0,0,0,0,0,0,0,0,NA,0,NA,NA,NA,0,0,0,0,0,0,0,0,0,0,0,0,NA,0,0,0,0,0,0,0,0,0,0,0,0,0,0,0,0,0,0,0,0,0,0,0,0,NA,2.5,3,3,3,3,3,3,3,3,3,3,3,2,1,NA,2,NA,NA,NA,2,3,3,1,1,3,3,3,3,3,3,2,NA,3,3,3,3,3,3,3,3,3,3,3,3,3,3,3,3,3,3,3,3,3,3,3,1.5,NA
"WTM_BYW254_23",0,0,0,0,0,0,0,0,0,0,0,0,0,1,0,0,NA,NA,NA,0,0,0,0,0,0,0,0,0,0,0,0,0,0,0,0,0,0,0,0,0,0,0,0,0,NA,NA,NA,NA,NA,NA,NA,NA,NA,NA,NA,NA,NA,2.5,3,3,3,3,3,3,3,3,3,3,3,3,3,3,2,NA,NA,NA,1,3,3,3,3,3,3,3,3,3,3,3,3,3,3,3,3,3,3,3,3,3,3,3,1.5,NA,NA,NA,NA,NA,NA,NA,NA,NA,NA,NA,NA,NA
"WTM_BYW258_23",0,0,0,0,4,1,1,2,0,0,0,1,1,0,0,NA,NA,NA,NA,0,0,0,0,0,0,0,0,0,0,0,0,0,0,0,0,0,0,0,0,0,0,0,0,0,0,0,0,0,0,0,0,0,0,0,0,0,0,2.5,3,3,3,3,3,3,3,3,3,3,3,3,3,3,NA,NA,NA,NA,2,3,3,3,3,3,3,3,3,3,3,3,3,3,3,3,3,3,3,3,3,3,3,3,3,3,3,3,3,3,3,3,3,3,3,3,3,0.5
